reviewer_id,employee,customer_score,review_text,timestamp
r_avg,maria,8,"Fantastic help, I was impressed with how thorough he was.",2026-03-01T11:35:00
r_avg,maria,9,"Fantastic help, I was impressed with how thorough he was.",2026-02-08T19:15:31
r_avg,james,7,"Professional and courteous, but I waited a long time to be seen.",2026-03-19T15:49:40
r_planted,alex,10,"Quick, clear answers. Very satisfied with the support.",2026-01-11T21:55:19
r_zerovar_ok,maria,9,"Excellent service, very professional and efficient.",2026-03-07T01:31:27
r_avg,maria,8,Alex was great and answered all my questions.,2026-01-12T04:45:56
r_gen,james,10,Alex was great and answered all my questions.,2026-03-07T09:03:11
r_avg,james,7,"He was polite, but I had to wait too long and my issue was not resolved.",2026-02-23T19:52:28
r_gen,james,9,"Very professional, quick, and helpful.",2026-02-04T08:07:51
r_thresh,alex,9,"Fantastic help, I was impressed with how thorough he was.",2026-01-08T10:00:00
r_cons,maria,6,"He was polite, but I had to wait too long and my issue was not resolved.",2026-01-24T05:57:51
r_avg,maria,8,Everything was handled correctly. Thank you.,2026-03-14T04:50:33
r_avg,maria,7,Alex was great and answered all my questions.,2026-03-25T04:19:49
r_zerovar_ok,alex,9,Everything was handled correctly. Thank you.,2026-02-02T00:29:53
r_harsh,maria,5,"He was polite, but I had to wait too long and my issue was not resolved.",2026-01-10T00:49:48
r_cons,alex,7,"Professional and courteous, but I waited a long time to be seen.",2026-01-23T08:12:22
r_cons,alex,6,"He was polite, but I had to wait too long and my issue was not resolved.",2026-01-24T18:38:21
r_zerovar_ok,maria,9,"Quick, clear answers. Very satisfied with the support.",2026-03-22T02:13:10
r_zerovar,alex,9,James resolved my issue quickly and explained everything clearly.,2026-01-28T23:22:35
r_gen,james,9,"Fantastic help, I was impressed with how thorough he was.",2026-01-14T14:38:54
r_cons,alex,7,Everything was handled correctly. Thank you.,2026-02-19T11:16:56
r_same,james,9,Alex was great and answered all my questions.,2026-01-27T19:25:10
r_cons,alex,8,Alex was great and answered all my questions.,2026-01-07T21:25:33
r_avg,james,5,"Professional and courteous, but I waited a long time to be seen.",2026-01-22T19:27:02
r_gen,maria,10,"Very professional, quick, and helpful.",2026-01-01T21:42:23
r_zerovar,james,9,Alex was great and answered all my questions.,2026-01-21T23:20:59
r_harsh,alex,6,Quick to answer but my problem is still unresolved.,2026-03-09T21:52:17
r_gen,alex,10,James resolved my issue quickly and explained everything clearly.,2026-02-08T10:14:52
r_gen,james,9,"Maria was friendly, patient, and knowledgeable.",2026-02-19T02:47:48
r_harsh,james,6,Friendly service but the wait was frustrating.,2026-01-02T05:28:53
r_gen,alex,9,"Wonderful experience, he was helpful and friendly throughout.",2026-01-07T14:21:37
r_harsh,james,6,"He was polite, but I had to wait too long and my issue was not resolved.",2026-02-23T23:05:13
r_harsh,maria,6,Quick to answer but my problem is still unresolved.,2026-02-12T06:57:43
r_avg,james,6,"She was helpful, though the process was confusing at first.",2026-02-01T16:03:40
r_same,james,9,Everything was handled correctly. Thank you.,2026-01-25T04:38:58
r_planted,james,10,"Wonderful experience, he was helpful and friendly throughout.",2026-01-23T19:29:15
r_gen,james,9,"Very professional, quick, and helpful.",2026-02-07T03:23:12
r_thresh,alex,9,Alex was great and answered all my questions.,2026-01-02T10:00:00
r_harsh,alex,5,"The service was fine, nothing special.",2026-01-07T15:53:32
r_cons,maria,7,"Professional and courteous, but I waited a long time to be seen.",2026-03-26T16:54:58
r_planted,alex,9,James resolved my issue quickly and explained everything clearly.,2026-01-29T21:16:35
r_gen,alex,10,Alex was great and answered all my questions.,2026-01-30T22:17:38
r_harsh,james,5,Called about my account balance.,2026-01-27T07:16:51
r_gen,alex,10,Everything was handled correctly. Thank you.,2026-02-06T19:04:16
r_avg,james,5,Quick to answer but my problem is still unresolved.,2026-01-07T05:39:50
r_gen,james,10,"Fantastic help, I was impressed with how thorough he was.",2026-01-25T09:09:17
r_same,alex,9,"Fantastic help, I was impressed with how thorough he was.",2026-01-06T16:51:28
r_cons,maria,8,"He was polite, but I had to wait too long and my issue was not resolved.",2026-02-14T13:12:08
r_cons,maria,6,"Very professional, quick, and helpful.",2026-02-19T22:04:14
r_harsh,maria,5,"She was helpful, though the process was confusing at first.",2026-02-28T19:49:56
r_gen,james,9,"Fantastic help, I was impressed with how thorough he was.",2026-02-18T19:43:34
r_harsh,maria,3,"Worst service ever. Long wait, confusing answers, nothing resolved.",2026-01-18T15:43:03
r_avg,james,9,"Excellent service, very professional and efficient.",2026-01-10T01:36:28
r_harsh,james,6,"She was helpful, though the process was confusing at first.",2026-02-02T15:51:39
r_avg,alex,5,"Terrible experience, rude and completely unhelpful.",2026-03-06T13:23:52
r_avg,maria,5,Spoke with a representative about a form.,2026-03-24T12:01:56
r_avg,alex,8,James resolved my issue quickly and explained everything clearly.,2026-01-05T07:25:41
r_harsh,maria,4,Quick to answer but my problem is still unresolved.,2026-02-05T00:54:49
r_harsh,alex,6,"Professional and courteous, but I waited a long time to be seen.",2026-02-06T22:20:42
r_cons,maria,7,"He was polite, but I had to wait too long and my issue was not resolved.",2026-03-20T14:06:34
r_harsh,alex,4,"Professional and courteous, but I waited a long time to be seen.",2026-03-27T14:20:58
r_cons,alex,8,Alex was great and answered all my questions.,2026-03-25T14:30:54
r_thresh,alex,9,James resolved my issue quickly and explained everything clearly.,2026-01-11T10:00:00
r_cons,james,7,Alex was great and answered all my questions.,2026-02-24T11:47:44
r_thresh,alex,9,"Maria was friendly, patient, and knowledgeable.",2026-01-03T10:00:00
r_harsh,james,4,Called about my account balance.,2026-01-10T23:02:47
r_same,james,9,Everything was handled correctly. Thank you.,2026-01-14T23:34:41
r_cons,maria,7,"Professional and courteous, but I waited a long time to be seen.",2026-02-13T20:02:20
r_cons,maria,7,Everything was handled correctly. Thank you.,2026-02-14T01:15:10
r_avg,maria,9,Everything was handled correctly. Thank you.,2026-03-26T03:54:36
r_avg,james,6,Friendly service but the wait was frustrating.,2026-03-06T09:48:17
r_avg,maria,4,"She was helpful, though the process was confusing at first.",2026-03-19T19:26:09
r_thresh,alex,9,Alex was great and answered all my questions.,2026-01-09T10:00:00
r_avg,james,5,Visited the branch on Tuesday.,2026-02-15T02:28:46
r_cons,alex,6,"Very professional, quick, and helpful.",2026-01-22T05:27:48
r_avg,james,7,"Professional and courteous, but I waited a long time to be seen.",2026-02-24T06:23:25
r_cons,maria,8,"Wonderful experience, he was helpful and friendly throughout.",2026-02-08T18:40:14
r_cons,james,7,Friendly service but the wait was frustrating.,2026-02-26T01:19:40
r_gen,james,9,"Wonderful experience, he was helpful and friendly throughout.",2026-01-04T20:36:17
r_avg,maria,4,"Professional and courteous, but I waited a long time to be seen.",2026-01-21T09:45:40
r_gen,maria,10,She was courteous and made the whole process easy.,2026-03-09T15:10:33
r_avg,maria,6,"Very professional, quick, and helpful.",2026-03-06T11:47:09
r_cons,alex,8,"Quick, clear answers. Very satisfied with the support.",2026-03-16T08:31:24
r_avg,james,7,Everything was handled correctly. Thank you.,2026-03-05T23:14:00
r_cons,maria,7,"Very professional, quick, and helpful.",2026-03-25T01:02:05
r_gen,alex,9,"Fantastic help, I was impressed with how thorough he was.",2026-03-20T10:49:41
r_avg,james,8,"He was polite, but I had to wait too long and my issue was not resolved.",2026-01-20T03:07:30
r_same,alex,9,"Wonderful experience, he was helpful and friendly throughout.",2026-01-12T14:48:06
r_gen,james,9,"Quick, clear answers. Very satisfied with the support.",2026-01-30T01:36:10
r_harsh,maria,6,Friendly service but the wait was frustrating.,2026-03-24T16:38:07
r_gen,maria,9,"Maria was friendly, patient, and knowledgeable.",2026-01-20T09:02:18
r_gen,maria,10,"Fantastic help, I was impressed with how thorough he was.",2026-01-21T18:04:02
r_harsh,alex,3,"Terrible experience, rude and completely unhelpful.",2026-01-20T08:32:38
r_gen,alex,9,"Very professional, quick, and helpful.",2026-03-27T17:47:13
r_gen,maria,9,"Quick, clear answers. Very satisfied with the support.",2026-03-10T07:22:00
r_planted,alex,10,"Maria was friendly, patient, and knowledgeable.",2026-01-14T23:39:59
r_cons,james,8,James resolved my issue quickly and explained everything clearly.,2026-03-14T12:40:06
r_new,alex,9,Alex was great and answered all my questions.,2026-03-05T20:27:35
r_zerovar_ok,maria,9,Everything was handled correctly. Thank you.,2026-02-26T19:55:00
r_same,maria,9,"Fantastic help, I was impressed with how thorough he was.",2026-03-01T12:00:00
r_avg,alex,7,Alex was great and answered all my questions.,2026-01-26T06:12:29
r_harsh,james,6,"He was polite, but I had to wait too long and my issue was not resolved.",2026-03-01T19:10:47
r_gen,james,9,James resolved my issue quickly and explained everything clearly.,2026-01-16T16:30:47
r_harsh,james,6,"Very professional, quick, and helpful.",2026-03-17T12:23:11
r_harsh,maria,4,"The service was fine, nothing special.",2026-01-12T02:32:48
r_avg,alex,8,She was courteous and made the whole process easy.,2026-03-29T07:59:52
r_gen,james,10,She was courteous and made the whole process easy.,2026-02-24T11:00:27
r_harsh,james,3,"Worst service ever. Long wait, confusing answers, nothing resolved.",2026-02-15T13:46:26
r_harsh,james,4,"Terrible experience, rude and completely unhelpful.",2026-02-17T10:28:08
r_cons,alex,6,Everything was handled correctly. Thank you.,2026-03-18T21:40:43
r_cons,maria,8,James resolved my issue quickly and explained everything clearly.,2026-03-04T03:18:27
r_gen,james,10,"Quick, clear answers. Very satisfied with the support.",2026-01-15T09:05:00
r_cons,james,8,"Fantastic help, I was impressed with how thorough he was.",2026-02-21T08:55:32
r_harsh,james,6,Alex was great and answered all my questions.,2026-01-15T17:32:58
r_thresh,alex,9,"Fantastic help, I was impressed with how thorough he was.",2026-01-07T10:00:00
r_harsh,maria,4,"The service was fine, nothing special.",2026-02-26T11:07:21
r_avg,james,4,"Professional and courteous, but I waited a long time to be seen.",2026-02-19T05:40:51
r_same,james,9,James resolved my issue quickly and explained everything clearly.,2026-01-21T04:04:52
r_gen,alex,9,"He was polite, but I had to wait too long and my issue was not resolved.",2026-02-11T03:00:11
r_cons,alex,7,"She was helpful, though the process was confusing at first.",2026-01-27T23:43:31
r_zerovar_ok,james,9,Alex was great and answered all my questions.,2026-02-14T03:49:16
r_zerovar_ok,james,9,She was courteous and made the whole process easy.,2026-03-20T23:44:46
r_cons,alex,6,"Maria was friendly, patient, and knowledgeable.",2026-01-07T05:11:28
r_harsh,maria,5,Friendly service but the wait was frustrating.,2026-02-12T02:10:57
r_cons,james,7,"Professional and courteous, but I waited a long time to be seen.",2026-03-01T03:00:12
r_zerovar_ok,maria,9,"Excellent service, very professional and efficient.",2026-02-09T15:31:12
r_harsh,maria,5,I still cannot access my account and nobody called me back.,2026-01-18T21:35:54
r_harsh,alex,5,"Terrible experience, rude and completely unhelpful.",2026-03-09T03:58:51
r_cons,james,8,"Very professional, quick, and helpful.",2026-02-07T08:34:22
r_gen,james,10,"He was polite, but I had to wait too long and my issue was not resolved.",2026-02-21T08:31:16
r_cons,alex,7,"Maria was friendly, patient, and knowledgeable.",2026-03-16T03:04:12
r_gen,james,9,"Excellent service, very professional and efficient.",2026-03-17T23:05:33
r_gen,alex,9,"Quick, clear answers. Very satisfied with the support.",2026-01-08T18:40:23
r_cons,maria,6,Friendly service but the wait was frustrating.,2026-02-28T14:47:01
r_cons,maria,7,"He was polite, but I had to wait too long and my issue was not resolved.",2026-01-07T10:13:50
r_same,james,9,James resolved my issue quickly and explained everything clearly.,2026-01-25T16:52:43
r_harsh,maria,5,Quick to answer but my problem is still unresolved.,2026-01-12T17:08:54
r_cons,alex,7,Quick to answer but my problem is still unresolved.,2026-02-23T09:08:06
r_cons,alex,6,"Very professional, quick, and helpful.",2026-03-29T21:46:53
r_gen,alex,10,"Excellent service, very professional and efficient.",2026-03-27T12:33:44
r_harsh,james,5,Spoke with a representative about a form.,2026-03-18T18:33:34
r_avg,maria,6,Quick to answer but my problem is still unresolved.,2026-01-03T19:37:57
r_harsh,maria,5,Friendly service but the wait was frustrating.,2026-02-15T15:53:39
r_cons,maria,6,"Very professional, quick, and helpful.",2026-02-23T14:20:52
r_harsh,alex,4,Visited the branch on Tuesday.,2026-03-16T05:16:56
r_gen,alex,9,"Maria was friendly, patient, and knowledgeable.",2026-01-17T03:31:58
r_planted,alex,9,"Maria was friendly, patient, and knowledgeable.",2026-01-09T10:30:26
r_cons,james,7,"Professional and courteous, but I waited a long time to be seen.",2026-02-10T17:33:07
r_harsh,maria,5,"Terrible experience, rude and completely unhelpful.",2026-01-28T00:23:05
r_harsh,maria,4,"She was helpful, though the process was confusing at first.",2026-03-13T05:52:01
r_avg,james,9,"Maria was friendly, patient, and knowledgeable.",2026-03-11T17:52:02
r_planted,alex,4,"The service was fine, nothing special.",2026-03-01T12:00:00
r_avg,maria,4,"Terrible experience, rude and completely unhelpful.",2026-03-28T00:50:55
r_harsh,james,3,"Terrible experience, rude and completely unhelpful.",2026-01-24T03:51:00
r_zerovar,maria,9,"Very professional, quick, and helpful.",2026-01-23T18:04:21
r_cons,maria,7,Everything was handled correctly. Thank you.,2026-01-24T22:41:01
r_avg,james,4,"Terrible experience, rude and completely unhelpful.",2026-02-03T13:30:33
r_gen,alex,10,"He was polite, but I had to wait too long and my issue was not resolved.",2026-03-03T13:52:53
r_cons,maria,8,"Maria was friendly, patient, and knowledgeable.",2026-02-22T08:39:03
r_zerovar_ok,maria,9,"Fantastic help, I was impressed with how thorough he was.",2026-01-09T20:36:36
r_gen,maria,10,James resolved my issue quickly and explained everything clearly.,2026-03-21T15:59:18
r_zerovar,maria,5,Alex was great and answered all my questions.,2026-03-01T12:00:00
r_gen,alex,10,"Excellent service, very professional and efficient.",2026-01-21T09:30:49
r_harsh,alex,5,Called about my account balance.,2026-02-25T07:50:45
r_avg,alex,4,"Terrible experience, rude and completely unhelpful.",2026-01-22T05:56:12
r_gen,james,10,"Wonderful experience, he was helpful and friendly throughout.",2026-01-10T16:58:23
r_zerovar,james,9,James resolved my issue quickly and explained everything clearly.,2026-01-20T12:57:23
r_zerovar_ok,james,9,"Fantastic help, I was impressed with how thorough he was.",2026-03-30T22:36:15
r_cons,james,7,"Very professional, quick, and helpful.",2026-03-26T12:27:19
r_avg,maria,7,"Maria was friendly, patient, and knowledgeable.",2026-02-19T15:07:18
r_harsh,james,4,"Professional and courteous, but I waited a long time to be seen.",2026-01-09T06:29:09
r_zerovar_ok,alex,9,"Excellent service, very professional and efficient.",2026-01-25T12:07:55
r_cons,alex,8,"Wonderful experience, he was helpful and friendly throughout.",2026-02-10T23:08:56
r_thresh,alex,9,"Excellent service, very professional and efficient.",2026-01-05T10:00:00
r_thresh,alex,9,"Wonderful experience, he was helpful and friendly throughout.",2026-01-06T10:00:00
r_gen,alex,9,Alex was great and answered all my questions.,2026-03-06T01:59:19
r_gen,alex,10,"Maria was friendly, patient, and knowledgeable.",2026-01-19T14:26:14
r_avg,james,6,"Very professional, quick, and helpful.",2026-01-14T10:26:05
r_gen,maria,9,"Excellent service, very professional and efficient.",2026-01-28T01:11:31
r_cons,alex,8,"Wonderful experience, he was helpful and friendly throughout.",2026-02-25T22:40:13
r_cons,james,6,"Professional and courteous, but I waited a long time to be seen.",2026-03-14T21:40:19
r_avg,alex,5,"The service was fine, nothing special.",2026-03-08T18:16:34
r_avg,maria,9,Alex was great and answered all my questions.,2026-02-20T11:30:07
r_gen,alex,10,"Very professional, quick, and helpful.",2026-01-10T09:51:54
r_harsh,maria,3,Awful. I was ignored and my problem remains unresolved.,2026-03-07T18:20:00
r_harsh,james,4,Called about my account balance.,2026-01-27T20:17:26
r_harsh,maria,3,Nobody called me back and the issue is still broken.,2026-01-08T04:37:26
r_avg,james,9,She was courteous and made the whole process easy.,2026-03-22T15:21:59
r_planted,maria,10,"Wonderful experience, he was helpful and friendly throughout.",2026-01-03T22:10:24
r_cons,maria,8,"Fantastic help, I was impressed with how thorough he was.",2026-01-02T21:23:02
r_cons,james,7,"Professional and courteous, but I waited a long time to be seen.",2026-01-01T01:19:57
r_cons,alex,6,"Very professional, quick, and helpful.",2026-01-09T07:35:13
r_same,maria,9,"Very professional, quick, and helpful.",2026-01-11T21:47:42
r_same,maria,9,"Fantastic help, I was impressed with how thorough he was.",2026-01-06T21:28:17
r_gen,james,9,Alex was great and answered all my questions.,2026-03-23T00:44:50
r_avg,james,7,Everything was handled correctly. Thank you.,2026-03-01T18:15:13
r_gen,maria,10,She was courteous and made the whole process easy.,2026-02-09T21:56:15
r_cons,james,7,Friendly service but the wait was frustrating.,2026-01-11T19:56:07
r_gen,james,10,Everything was handled correctly. Thank you.,2026-01-23T23:38:16
r_gen,alex,9,James resolved my issue quickly and explained everything clearly.,2026-01-12T04:58:05
r_gen,alex,9,"Excellent service, very professional and efficient.",2026-01-28T16:04:07
r_gen,alex,10,"Maria was friendly, patient, and knowledgeable.",2026-01-29T19:22:45
r_cons,james,7,"Very professional, quick, and helpful.",2026-01-05T10:46:42
r_gen,maria,9,"He was polite, but I had to wait too long and my issue was not resolved.",2026-02-26T16:03:18
r_cons,alex,7,Quick to answer but my problem is still unresolved.,2026-02-22T01:30:07
r_zerovar,alex,9,Everything was handled correctly. Thank you.,2026-01-23T20:10:23
r_thresh,alex,9,"Maria was friendly, patient, and knowledgeable.",2026-01-10T10:00:00
r_planted,alex,9,Alex was great and answered all my questions.,2026-01-20T19:57:26
r_cons,alex,7,Friendly service but the wait was frustrating.,2026-03-16T00:46:44
r_gen,james,10,"Maria was friendly, patient, and knowledgeable.",2026-01-26T21:42:08
r_harsh,alex,6,Quick to answer but my problem is still unresolved.,2026-03-04T17:03:46
r_harsh,maria,5,Quick to answer but my problem is still unresolved.,2026-02-14T03:31:34
r_zerovar_ok,maria,9,"Fantastic help, I was impressed with how thorough he was.",2026-01-28T23:35:46
r_harsh,james,3,"Worst service ever. Long wait, confusing answers, nothing resolved.",2026-03-09T17:06:01
r_cons,james,7,Friendly service but the wait was frustrating.,2026-01-21T15:27:20
r_gen,alex,9,She was courteous and made the whole process easy.,2026-01-03T09:45:23
r_cons,alex,6,Alex was great and answered all my questions.,2026-03-20T03:53:33
r_harsh,maria,4,Friendly service but the wait was frustrating.,2026-02-26T04:25:59
r_cons,maria,7,Quick to answer but my problem is still unresolved.,2026-01-21T19:12:28
r_zerovar,maria,9,"Quick, clear answers. Very satisfied with the support.",2026-01-27T05:07:26
r_avg,maria,5,"She was helpful, though the process was confusing at first.",2026-03-02T09:57:49
r_avg,maria,6,"Very professional, quick, and helpful.",2026-03-11T06:40:48
r_gen,alex,10,"Fantastic help, I was impressed with how thorough he was.",2026-03-20T09:36:15
r_cons,james,8,"Excellent service, very professional and efficient.",2026-01-16T19:00:41
r_avg,maria,7,"He was polite, but I had to wait too long and my issue was not resolved.",2026-03-14T23:46:00
r_cons,alex,7,"Very professional, quick, and helpful.",2026-02-06T21:17:41
r_avg,james,7,Friendly service but the wait was frustrating.,2026-02-15T03:30:03
r_harsh,james,6,Everything was handled correctly. Thank you.,2026-01-19T14:19:22
r_avg,maria,9,She was courteous and made the whole process easy.,2026-02-28T20:34:08
r_harsh,james,6,"Maria was friendly, patient, and knowledgeable.",2026-01-10T21:26:50
r_harsh,maria,4,"He was polite, but I had to wait too long and my issue was not resolved.",2026-03-10T17:48:09
r_harsh,james,3,Awful. I was ignored and my problem remains unresolved.,2026-01-06T01:22:05
r_avg,maria,8,"He was polite, but I had to wait too long and my issue was not resolved.",2026-01-24T05:28:59
r_gen,maria,9,"Very professional, quick, and helpful.",2026-03-28T10:31:11
r_same,alex,9,"Fantastic help, I was impressed with how thorough he was.",2026-03-01T12:00:00
r_same,james,9,Everything was handled correctly. Thank you.,2026-01-16T02:03:00
r_harsh,maria,5,Visited the branch on Tuesday.,2026-02-02T02:47:58
r_avg,alex,8,"Fantastic help, I was impressed with how thorough he was.",2026-01-22T07:17:22
r_planted,maria,10,James resolved my issue quickly and explained everything clearly.,2026-01-29T13:40:53
r_gen,maria,10,"Maria was friendly, patient, and knowledgeable.",2026-03-07T00:34:28
r_harsh,maria,5,Visited the branch on Tuesday.,2026-02-21T13:08:15
r_cons,james,7,"Maria was friendly, patient, and knowledgeable.",2026-01-16T20:45:19
r_avg,maria,7,Friendly service but the wait was frustrating.,2026-02-22T16:22:32
r_gen,alex,10,Alex was great and answered all my questions.,2026-02-02T09:14:35
r_avg,james,8,Alex was great and answered all my questions.,2026-01-09T03:36:42
r_avg,james,5,"Professional and courteous, but I waited a long time to be seen.",2026-03-16T08:28:30
r_gen,james,9,"He was polite, but I had to wait too long and my issue was not resolved.",2026-01-30T03:02:37
r_gen,alex,10,James resolved my issue quickly and explained everything clearly.,2026-02-14T22:00:05
r_harsh,james,5,Called about my account balance.,2026-03-10T16:08:54
r_avg,maria,8,"He was polite, but I had to wait too long and my issue was not resolved.",2026-03-23T21:52:22
r_cons,james,7,"Very professional, quick, and helpful.",2026-03-01T03:22:41
r_cons,james,6,"He was polite, but I had to wait too long and my issue was not resolved.",2026-02-18T14:27:00
r_planted,maria,9,"Wonderful experience, he was helpful and friendly throughout.",2026-01-10T14:28:33
r_avg,maria,7,Alex was great and answered all my questions.,2026-01-21T01:57:32
r_harsh,maria,4,Friendly service but the wait was frustrating.,2026-03-14T03:02:18
r_harsh,alex,5,I still cannot access my account and nobody called me back.,2026-03-19T11:05:02
r_gen,maria,9,James resolved my issue quickly and explained everything clearly.,2026-03-18T03:01:00
r_cons,alex,6,"She was helpful, though the process was confusing at first.",2026-02-03T00:50:28
r_thresh,alex,9,She was courteous and made the whole process easy.,2026-01-01T10:00:00
r_zerovar,alex,9,"Wonderful experience, he was helpful and friendly throughout.",2026-01-29T12:02:52
r_harsh,james,6,"He was polite, but I had to wait too long and my issue was not resolved.",2026-01-10T18:14:34
r_cons,james,7,"He was polite, but I had to wait too long and my issue was not resolved.",2026-02-08T17:43:09
r_avg,maria,8,"Fantastic help, I was impressed with how thorough he was.",2026-01-01T13:44:19
r_zerovar,maria,9,"Fantastic help, I was impressed with how thorough he was.",2026-01-04T21:43:17
r_gen,alex,9,She was courteous and made the whole process easy.,2026-03-12T16:51:38
r_cons,maria,7,"Maria was friendly, patient, and knowledgeable.",2026-03-07T01:37:16
r_zerovar,james,9,"Wonderful experience, he was helpful and friendly throughout.",2026-01-15T00:15:20
r_gen,james,9,"Excellent service, very professional and efficient.",2026-01-06T13:12:17
r_harsh,maria,6,Friendly service but the wait was frustrating.,2026-01-07T16:40:51
r_harsh,james,5,Spoke with a representative about a form.,2026-03-20T05:00:58
r_planted,alex,9,"Maria was friendly, patient, and knowledgeable.",2026-01-13T20:20:06
r_avg,alex,6,"He was polite, but I had to wait too long and my issue was not resolved.",2026-02-02T14:34:53
r_cons,alex,8,"He was polite, but I had to wait too long and my issue was not resolved.",2026-02-01T11:38:00
r_harsh,maria,5,"Professional and courteous, but I waited a long time to be seen.",2026-03-27T11:17:39
r_gen,maria,9,"Excellent service, very professional and efficient.",2026-03-04T06:45:38
r_same,james,9,Everything was handled correctly. Thank you.,2026-03-01T12:00:00
r_avg,alex,6,"He was polite, but I had to wait too long and my issue was not resolved.",2026-01-04T17:08:44
r_gen,james,9,"Quick, clear answers. Very satisfied with the support.",2026-01-16T02:13:11
r_avg,alex,5,"Terrible experience, rude and completely unhelpful.",2026-03-09T09:01:12
r_harsh,maria,3,Nobody called me back and the issue is still broken.,2026-01-12T01:50:32
r_harsh,maria,5,Quick to answer but my problem is still unresolved.,2026-01-08T09:05:04
r_new,james,8,"Quick, clear answers. Very satisfied with the support.",2026-02-14T20:28:58
r_thresh,alex,9,"Quick, clear answers. Very satisfied with the support.",2026-01-04T10:00:00
r_avg,maria,6,"She was helpful, though the process was confusing at first.",2026-03-24T20:40:40
r_avg,alex,8,She was courteous and made the whole process easy.,2026-02-27T11:12:36
r_planted,james,10,"Fantastic help, I was impressed with how thorough he was.",2026-01-04T10:55:49
r_zerovar_ok,maria,9,"Very professional, quick, and helpful.",2026-03-17T00:10:01
r_harsh,alex,6,"He was polite, but I had to wait too long and my issue was not resolved.",2026-01-05T10:03:33
r_gen,alex,9,"Wonderful experience, he was helpful and friendly throughout.",2026-03-13T10:23:30
r_planted,maria,9,Everything was handled correctly. Thank you.,2026-01-04T11:11:54
r_avg,james,4,Quick to answer but my problem is still unresolved.,2026-03-24T08:46:01
r_avg,alex,5,"He was polite, but I had to wait too long and my issue was not resolved.",2026-01-05T11:41:08
r_cons,alex,7,"Very professional, quick, and helpful.",2026-03-07T16:49:26
r_avg,maria,8,She was courteous and made the whole process easy.,2026-02-23T04:47:10
r_zerovar,james,9,"Excellent service, very professional and efficient.",2026-01-30T07:22:38
r_avg,maria,7,"She was helpful, though the process was confusing at first.",2026-03-12T07:27:53
r_harsh,james,3,"Terrible experience, rude and completely unhelpful.",2026-01-09T07:29:33
r_avg,maria,4,Visited the branch on Tuesday.,2026-03-06T10:53:29
r_cons,james,7,Alex was great and answered all my questions.,2026-03-08T01:10:30
r_gen,alex,9,"He was polite, but I had to wait too long and my issue was not resolved.",2026-02-22T11:39:40
r_zerovar,maria,9,Alex was great and answered all my questions.,2026-01-05T10:24:12
r_gen,maria,10,"Wonderful experience, he was helpful and friendly throughout.",2026-01-21T10:48:09
r_harsh,james,3,I still cannot access my account and nobody called me back.,2026-02-03T17:02:36
